INSERT INTO rail_ticket_price (Route_id, Seat_class, Taxable_value, CGST, CESS) VALUES
(201, 'A1', 5000.00, 250.00, 50.00),
(201, 'A2', 3500.00, 175.00, 35.00),
(201, 'SL', 1500.00, 75.00, 15.00),
(202, 'A1', 5000.00, 250.00, 50.00),
(202, 'SL', 1500.00, 75.00, 15.00),
(203, 'A1', 3000.00, 150.00, 30.00),
(203, 'A2', 2000.00, 100.00, 20.00),
(204, 'SL', 1200.00, 60.00, 12.00),
(205, 'A3', 2500.00, 125.00, 25.00),
(205, 'SL', 1000.00, 50.00, 10.00),
(206, 'A1', 7000.00, 350.00, 70.00),
(206, 'A2', 5000.00, 250.00, 50.00),
(207, 'A1', 6000.00, 350.00, 70.00),
(207, 'A2', 4000.00, 250.00, 50.00);

INSERT INTO rail_routes (Route_id, Train_id_id, Start_station_id, End_station_id, Start_time, End_time, Distance) VALUES
(201, '0001', 101, 105, '2025-04-01 07:30:00', '2025-04-02 00:45:00', 1000),
(202, '0001', 105, 101, '2025-04-02 07:30:00', '2025-04-03 00:45:00', 1000),
(203, '0002', 107, 102, '2025-04-01 09:30:00', '2025-04-01 14:40:00', 500),
(204, '0002', 102, 107, '2025-04-01 16:30:00', '2025-04-01 21:40:00', 500),
(205, '0005', 105, 106, '2025-04-02 12:30:00', '2025-04-02 17:30:00', 200),
(206, '0003', 108, 109, '2025-04-02 09:30:00', '2025-04-04 21:45:00', 1780),
(207, '0003', 108, 109, '2025-04-03 09:30:00', '2025-04-05 21:45:00', 1780);


INSERT INTO rail_stations () VALUES
    -> (101, 'CHENNAI CENTRAL', 'INDIA', 'TAMIL NADU', 'MADRAS'),
    -> (102, 'PATNA JUNCTION', 'INDIA', 'BIHAR', 'PATNA DIST'),
    -> (103, 'DELHI JUNCTION', 'INDIA', 'NEW DELHI', 'NEW DELHI'),
    -> (104, 'BIHTA RAILWAY STATION', 'INDIA', 'BIHAR', 'PATNA DIST'),
    -> (105, 'SECUNDERBAD JUNCTION', 'INDIA', 'TELANGANA', 'HYDERABAD DISTRICT'),
    -> (106, 'KHAMMAM RAILWAY STATION', 'INDIA', 'TELANGAN', 'KHAMMAM DIST'),
    -> (107, 'KOLKATA JUNCTION', 'INDIA', 'WEST BENGAL', 'KOLKATA DIST'),
    -> (108, 'DANAPUR RAILWAY STATION', 'INDIA', 'BIHAR', 'PATNA DIST'),
    -> (109, 'Krantivira Station', 'INDIA', 'KARNATAKA', 'BENGALORE DIST');
Query OK, 9 rows affected (0.01 sec)

INSERT INTO rail_seats ( Seat_id,Route_id, Available, Seat_class) VALUES
('A10101', 201, FALSE, 'A1'),
('A10102', 201, FALSE, 'A1'),
('A10103', 201, FALSE, 'A1'),
('A10201', 201, FALSE, 'A1'),
('A10202', 201, FALSE, 'A1'),
('A20101', 201, FALSE, 'A2'),
('A20102', 201, FALSE, 'A2'),
('A20103', 201, FALSE, 'A2'),
('A20201', 201, FALSE, 'A2'),
('A20202', 201, FALSE, 'A2'),
('SL0101', 201, FALSE, 'SL'),
('SL0102', 201, FALSE, 'SL'),
('SL0103', 201, FALSE, 'SL'),
('SL0201', 201, FALSE, 'SL'),
('SL0202', 201, FALSE, 'SL'),
('A10101', 202, FALSE, 'A1'),
('A10102', 202, FALSE, 'A1'),
('A10103', 202, FALSE, 'A1'),
('A10201', 202, FALSE, 'A1'),
('A10202', 202, FALSE, 'A1'),
('SL0101', 202, FALSE, 'SL'),
('SL0102', 202, FALSE, 'SL'),
('SL0103', 202, FALSE, 'SL'),
('SL0201', 202, FALSE, 'SL'),
('SL0202', 202, FALSE, 'SL'),
('A10101', 203, FALSE, 'A1'),
('A10102', 203, FALSE, 'A1'),
('A10103', 203, FALSE, 'A1'),
('A10201', 203, FALSE, 'A1'),
('A10202', 203, FALSE, 'A1'),
('A20101', 203, FALSE, 'A2'),
('A20102', 203, FALSE, 'A2'),
('A20103', 203, FALSE, 'A2'),
('A20201', 203, FALSE, 'A2'),
('A20202', 203, FALSE, 'A2'),
('SL0101', 204, FALSE, 'SL'),
('SL0102', 204, FALSE, 'SL'),
('SL0103', 204, FALSE, 'SL'),
('SL0201', 204, FALSE, 'SL'),
('SL0202', 204, FALSE, 'SL'),
('A30101', 205, FALSE, 'A3'),
('A30102', 205, FALSE, 'A3'),
('A30103', 205, FALSE, 'A3'),
('A30201', 205, FALSE, 'A3'),
('A30202', 205, FALSE, 'A3'),
('SL0101', 205, FALSE, 'SL'),
('SL0102', 205, FALSE, 'SL'),
('SL0103', 205, FALSE, 'SL'),
('SL0201', 205, FALSE, 'SL'),
('SL0202', 205, FALSE, 'SL'),
('A10101', 206, FALSE, 'A1'),
('A10102', 206, FALSE, 'A1'),
('A10103', 206, FALSE, 'A1'),
('A10201', 206, FALSE, 'A1'),
('A10202', 206, FALSE, 'A1'),
('A20101', 206, FALSE, 'A2'),
('A20102', 206, FALSE, 'A2'),
('A20103', 206, FALSE, 'A2'),
('A20201', 206, FALSE, 'A2'),
('A20202', 206, FALSE, 'A2');



INSERT INTO rail_seats ( Seat_id,Route_id, Available, Seat_class) VALUES
('A30102', 207, FALSE, 'A3'),
('A30103', 207, FALSE, 'A3'),
('A30201', 207, FALSE, 'A3'),
('A30204', 207, FALSE, 'A3');